CHROM	POS	REF	ALT	FILTER	DP	GQ	AF	GENE	CONSEQUENCE	CLINVAR_SIG	CLINVAR_ID	NOTE	PASS_FILTER	PASS_DP	PASS_GQ	PASS_AF	PASS_CONSEQUENCE	MAIN_FILTER_PASS	CONSEQUENCE_SCORE	CLINICAL_SCORE	TOTAL_SCORE	FILTER_DECISION
chr17	7673803	G	A	PASS	80	99	1e-05	TP53	splice_acceptor_variant	Pathogenic	VCV000012345	Annotated near a canonical splice junction	TRUE	TRUE	TRUE	TRUE	TRUE	TRUE	5	4	9	retained
chr13	32316461	C	T	PASS	60	90	1e-04	BRCA2	missense_variant	Uncertain_significance	VCV000067890	Rare missense with uncertain clinical significance	TRUE	TRUE	TRUE	TRUE	TRUE	TRUE	3	2	5	retained
chr1	169519049	G	A	PASS	55	95	0.42	F5	missense_variant	Benign	VCV000000111	Common population allele; ClinVar Benign	TRUE	TRUE	TRUE	FALSE	TRUE	FALSE	3	0	3	AF>0.001
chr7	117199644	C	T	PASS	70	99	5e-05	CFTR	synonymous_variant	Benign	VCV000000222	Synonymous substitution; ClinVar Benign	TRUE	TRUE	TRUE	TRUE	FALSE	FALSE	1	0	1	lower-priority consequence
chr2	47641560	A	G	LowQual	8	12	2e-05	MSH2	stop_gained	Pathogenic	VCV000000333	Site marked LowQual; DP=8, GQ=12	FALSE	FALSE	FALSE	TRUE	TRUE	FALSE	5	4	9	FILTER=LowQual; DP<20; GQ<30
chr6	29942857	T	C	FAIL	45	40	3e-05	HLA-A	missense_variant	Uncertain_significance	VCV000000444	FILTER=FAIL; MHC-region mapping caution	FALSE	TRUE	TRUE	TRUE	TRUE	FALSE	3	2	5	FILTER=FAIL
chr8	128750000	A	G	PASS	50	85	8e-05	.	intergenic_variant	.	.	Intergenic; no gene symbol assigned	TRUE	TRUE	TRUE	TRUE	FALSE	FALSE	0	0	0	lower-priority consequence
chr11	108323000	G	C	PASS	65	92	0.18	ATM	missense_variant	Benign	VCV000000555	AF=0.18; ClinVar Benign	TRUE	TRUE	TRUE	FALSE	TRUE	FALSE	3	0	3	AF>0.001
chr19	11200200	C	T	PASS	40	88	2e-04	LDLR	missense_variant	Likely_benign	VCV000000666	ClinVar Likely_benign	TRUE	TRUE	TRUE	TRUE	TRUE	TRUE	3	1	4	retained
chrX	153870000	G	A	PASS	5	20	1e-05	MECP2	frameshift_variant	Pathogenic	VCV000000777	ChrX site with DP=5, GQ=20	TRUE	FALSE	FALSE	TRUE	TRUE	FALSE	5	4	9	DP<20; GQ<30
chr4	88000000	G	T	PASS	75	98	0.35	.	intron_variant	.	.	Intronic; AF=0.35; no ClinVar entry	TRUE	TRUE	TRUE	FALSE	FALSE	FALSE	0	0	0	AF>0.001; lower-priority consequence
chr12	25398284	C	A	PASS	58	91	0.00015	KRAS	missense_variant	Conflicting_interpretations_of_pathogenicity	VCV000000888	ClinVar conflicting interpretations	TRUE	TRUE	TRUE	TRUE	TRUE	TRUE	3	3	6	retained
