primary,PCoA1,PCoA2,PCoA3
J_XYL_F_0001_01,-0.2952,-0.1864,0.1268
J_XYL_F_0001_02,-0.2421,-0.3492,0.0846
J_XYL_F_0002_01,-0.0959,0.2031,0.1152
J_XYL_F_0002_02,0.0703,0.1049,0.16
J_XYL_F_0003_01,-0.0464,0.2978,0.0506
J_XYL_F_0003_02,0.3848,-0.0518,0.1273
J_XYL_F_0004_01,-0.0373,0.2015,0.0886
J_XYL_F_0004_02,-0.0013,0.0866,0.0534
J_XYL_F_0005_01,-0.0733,0.2342,0.0157
J_XYL_F_0005_02,-0.1094,0.1584,0.1351
J_XYL_F_0006_01,-0.1694,0.0849,-0.037
J_XYL_F_0006_02,-0.1278,0.0767,-0.0494
J_XYL_F_0010_01,-0.09,0.2304,0.0703
J_XYL_F_0010_02,-0.099,0.1876,0.1303
J_XYL_F_0012_01,0.3435,-0.1341,0.0286
J_XYL_F_0012_02,0.4482,-0.1463,-0.0038
J_XYL_F_0013_01,-0.1194,0.0962,-0.0468
J_XYL_F_0013_02,-0.149,-0.0679,-0.0652
J_XYL_F_0015_01,-0.1627,-0.0547,0.0179
J_XYL_F_0015_02,-0.0311,0.0864,-0.1442
J_XYL_F_0016_01,-0.132,-0.0538,0.0382
J_XYL_F_0016_02,-0.1407,0.0504,-0.0404
J_XYL_F_0018_01,-0.0497,0.1223,0.1739
J_XYL_F_0018_02,-0.095,0.1627,-0.1111
J_XYL_F_0020_01,-0.0136,0.2132,0.1585
J_XYL_F_0020_02,-0.089,0.0363,-0.1936
J_XYL_F_0025_01,-0.1607,0.1438,0.135
J_XYL_F_0025_02,-0.1738,0.0195,0.1693
J_XYL_F_0031_01,0.2162,0.0336,0.009
J_XYL_F_0031_02,0.1284,0.0194,0.0518
J_XYL_F_0032_01,-0.0199,0.1656,-0.1021
J_XYL_F_0032_02,-0.0333,0.0975,0.0679
J_XYL_F_0034_01,-0.0517,0.0135,0.149
J_XYL_F_0034_02,-0.2277,-0.2691,0.1009
J_XYL_F_0036_01,-0.1751,0.1587,0.1243
J_XYL_F_0036_02,-0.0729,0.1677,-0.1405
J_XYL_F_0043_01,0.0658,0.0898,0.1235
J_XYL_F_0043_2,-0.0875,0.2208,0.1002
J_XYL_F_0044_01,-0.243,0.0509,0.0399
J_XYL_F_0044_02,-0.2042,-0.0205,0.038
J_XYL_F_0045_01,-0.2942,-0.4193,0.0772
J_XYL_F_0045_2,-0.2739,-0.3697,0.0481
J_XYL_F_0046_01,-0.0667,0.2068,0.0513
J_XYL_F_0046_02,-0.1952,-0.0528,0.1632
J_XYL_F_0047_01,-0.1646,-0.1284,0.0405
J_XYL_F_0047_02,-0.1272,0.0406,0.0948
J_XYL_F_0048_01,-0.3092,-0.4829,0.0073
J_XYL_F_0049_02,-0.182,0.0653,0.1137
J_XYL_F_0050_01,-0.2705,-0.3994,-0.1024
J_XYL_F_0050_02,-0.184,-0.0491,-0.1683
J_XYL_F_0051_01,-0.3097,-0.4461,-0.0991
J_XYL_F_0051_02,0.0474,0.1567,0.0342
J_XYL_F_0053_01,0.177,0.0561,0.1441
J_XYL_F_0053_02,0.0939,0.1641,0.0489
J_XYL_F_0057_01,-0.2379,0.0156,-0.171
J_XYL_F_0057_02,-0.0227,0.1394,0.0689
J_XYL_F_0058_01,-0.2523,-0.2447,-0.0133
J_XYL_F_0058_02,-0.0321,0.1156,0.0844
J_XYL_F_0059_01,-0.088,0.1874,-0.0195
J_XYL_F_0059_02,-0.0652,0.1372,0.1773
J_XYL_F_0060_01,-0.0951,-0.0284,-0.0855
J_XYL_F_0060_02,0.3126,-0.0362,-0.1001
J_XYL_F_0061_01,-0.0114,0.1231,-0.2017
J_XYL_F_0061_02,-0.0737,0.1196,-0.378
J_XYL_F_0062_01,0.0248,0.0856,-0.091
J_XYL_F_0062_02,0.0887,0.008,-0.0727
J_XYL_F_0064_01,-0.2472,-0.3612,-0.0019
J_XYL_F_0064_02,-0.2442,-0.1955,0.1748
J_XYL_F_0065_01,-0.0779,0.0893,0.2295
J_XYL_F_0065_02,-0.1299,0.2381,0.1116
J_XYL_F_0066_01,-0.2041,-0.134,-0.1856
J_XYL_F_0066_02,0.2031,-0.0978,-0.0767
K_XYL_F_0001_01,-0.1426,0.0582,-0.2528
K_XYL_F_0001_02,0.289,-0.4621,0.051
K_XYL_F_0002_01,-0.2373,-0.3623,0.0332
K_XYL_F_0002_02,0.2863,-0.4618,0.0779
K_XYL_F_0003_01,-0.0412,0.0421,-0.2632
K_XYL_F_0003_02,-0.1329,-0.429,0.0759
K_XYL_F_0004_01,-0.2909,-0.1945,0.0279
K_XYL_F_0004_02,0.0227,-0.4889,0.0321
K_XYL_F_0005_01,-0.0639,0.1806,-0.1847
K_XYL_F_0005_02,0.429,-0.1079,-0.1137
K_XYL_F_0007_01,-0.2177,0.0108,0.1162
K_XYL_F_0007_02,-0.1385,0.0286,0.1674
K_XYL_F_0008_01,-0.1807,0.0949,0.1004
K_XYL_F_0008_02,-0.2391,-0.1082,0.165
K_XYL_F_0009_01,0.0131,0.2609,0.0991
K_XYL_F_0009_02,0.0175,0.1035,0.1502
K_XYL_F_0009_03,0.4032,0.0406,0.1372
K_XYL_F_0011_01,-0.0841,0.2041,-0.08
K_XYL_F_0011_02,0.0065,0.1572,-0.1205
K_XYL_F_0012_01,0.0009,0.243,0.1157
K_XYL_F_0012_02,0.3876,0.0165,0.1389
K_XYL_F_0013_01,-0.05,0.1267,-0.1942
K_XYL_F_0013_02,0.3507,-0.1069,-0.1255
K_XYL_F_0017_01,0.0266,-0.0065,-0.0437
K_XYL_F_0017_02,-0.2185,-0.1671,-0.0412
K_XYL_F_0018_01,0.3334,-0.1296,-0.1299
K_XYL_F_0018_02,-0.0385,0.1228,-0.3234
K_XYL_F_0022_01,-0.0445,0.0554,-0.3216
K_XYL_F_0022_02,0.3682,-0.05,0.1067
K_XYL_F_0028_01,-0.0701,0.0224,-0.4458
K_XYL_F_0028_02,-0.0682,0.1308,-0.3532
K_XYL_F_0030_02,-0.0251,0.1975,-0.0415
K_XYL_F_0030_03,0,0.0176,-0.2838
K_XYL_F_0033_01,0.345,0.0139,-0.0479
K_XYL_F_0033_02,0.4304,-0.1356,-0.0372
K_XYL_F_0035_01,-0.058,0.2427,0.059
K_XYL_F_0035_02,-0.1002,0.2343,0.1252
K_XYL_F_0035_03,-0.0982,0.1669,-0.1336
K_XYL_F_0036_01,-0.0828,0.1074,-0.0308
K_XYL_F_0036_02,0.1516,0.108,0.0855
K_XYL_F_0037_01,0.4276,-0.1024,-0.0543
K_XYL_F_0037_02,0.4096,-0.0748,-0.0029
K_XYL_F_0038_01,0.2012,-0.2282,-0.0376
K_XYL_F_0038_02,0.3405,-0.0652,0.0273
K_XYL_F_0039_01,-0.0215,-0.028,-0.251
K_XYL_F_0039_02,-0.2504,-0.4329,0.0068
K_XYL_F_0042_01,0.2901,0.0444,0.042
K_XYL_F_0042_02,0.4065,-0.0778,-0.021
K_XYL_F_0043_01,0.261,0.0208,0.0419
K_XYL_F_0043_02,0.4927,-0.1423,-0.0044
K_XYL_F_0044_01,0.3496,0.0343,0.0174
K_XYL_F_0044_02,0.374,-0.0175,0.0462
K_XYL_F_0045_01,0.0762,0.0509,0.2393
K_XYL_F_0045_02,0.3654,-0.1758,0.018
K_XYL_F_0046_01,0.0899,0.0619,0.2389
K_XYL_F_0046_02,0.3591,-0.2089,-0.0026
K_XYL_F_0047_01,-0.0544,0.2123,-0.0471
K_XYL_F_0047_02,-0.0822,0.2222,0.0822
K_XYL_F_0048_01,0.1839,-0.0086,-0.1355
K_XYL_F_0048_02,-0.0844,0.155,-0.1527