feature,Estimate_group,pvalue,fdr,sign_group,method,vs,fold_change,log2FC
__,Group,0.1486,0.9298,IBS_before,Wilcoxon rank sum exact test,IBS_before vs IBS_after,1.257,0.3299
g__Megamonas,Group,0.3999,0.9298,IBS_after,Wilcoxon rank sum test with continuity correction,IBS_before vs IBS_after,0.8632,-0.2122
g__,Group,0.6443,0.9298,IBS_after,Wilcoxon rank sum test with continuity correction,IBS_before vs IBS_after,0.9705,-0.0432
g__Bacteroides,Group,0.0306,0.9298,IBS_before,Wilcoxon rank sum test with continuity correction,IBS_before vs IBS_after,1.6111,0.6881
g__[Eubacterium],Group,0.8118,0.9298,IBS_after,Wilcoxon rank sum test with continuity correction,IBS_before vs IBS_after,0.709,-0.4961
g__Clostridium,Group,0.7606,0.9298,IBS_before,Wilcoxon rank sum test with continuity correction,IBS_before vs IBS_after,1.0186,0.0266
g__Faecalibacterium,Group,0.9144,0.9379,IBS_after,Wilcoxon rank sum test with continuity correction,IBS_before vs IBS_after,0.9352,-0.0967
g__[Ruminococcus],Group,0.1287,0.9298,IBS_before,Wilcoxon rank sum test with continuity correction,IBS_before vs IBS_after,1.6567,0.7283
g__Streptococcus,Group,0.4384,0.9298,IBS_before,Wilcoxon rank sum test with continuity correction,IBS_before vs IBS_after,1.4755,0.5612
g__Parabacteroides,Group,0.6238,0.9298,IBS_after,Wilcoxon rank sum test with continuity correction,IBS_before vs IBS_after,0.9474,-0.078
g__Phascolarctobacterium,Group,0.8464,0.9298,IBS_after,Wilcoxon rank sum test with continuity correction,IBS_before vs IBS_after,0.9139,-0.1299
g__Gemmiger,Group,0.5729,0.9298,IBS_after,Wilcoxon rank sum test with continuity correction,IBS_before vs IBS_after,0.715,-0.4841
g__Catenibacterium,Group,0.8802,0.9298,IBS_before,Wilcoxon rank sum test with continuity correction,IBS_before vs IBS_after,1.2092,0.2741
g__Actinomyces,Group,0.4489,0.9298,IBS_before,Wilcoxon rank sum test with continuity correction,IBS_before vs IBS_after,1.1059,0.1452
g__Rothia,Group,1,1,IBS_after,Wilcoxon rank sum test with continuity correction,IBS_before vs IBS_after,0.7829,-0.3531
g__Bifidobacterium,Group,0.7696,0.9298,IBS_after,Wilcoxon rank sum test with continuity correction,IBS_before vs IBS_after,0.791,-0.3383
g__Coprococcus,Group,0.6957,0.9298,IBS_after,Wilcoxon rank sum test with continuity correction,IBS_before vs IBS_after,0.9644,-0.0523
g__Ruminococcus,Group,0.4988,0.9298,IBS_before,Wilcoxon rank sum test with continuity correction,IBS_before vs IBS_after,1.0283,0.0403
g__Blautia,Group,0.2018,0.9298,IBS_after,Wilcoxon rank sum test with continuity correction,IBS_before vs IBS_after,0.7961,-0.329
g__Oscillospira,Group,0.4531,0.9298,IBS_before,Wilcoxon rank sum test with continuity correction,IBS_before vs IBS_after,1.4155,0.5013
g__Dialister,Group,0.3318,0.9298,IBS_before,Wilcoxon rank sum test with continuity correction,IBS_before vs IBS_after,1.2182,0.2848
g__Lactobacillus,Group,0.2099,0.9298,IBS_after,Wilcoxon rank sum test with continuity correction,IBS_before vs IBS_after,0.3809,-1.3925
g__Granulicatella,Group,0.5651,0.9298,IBS_before,Wilcoxon rank sum test with continuity correction,IBS_before vs IBS_after,1.4791,0.5647
g__Enterococcus,Group,0.2364,0.9298,IBS_before,Wilcoxon rank sum test with continuity correction,IBS_before vs IBS_after,1.8671,0.9008
g__Turicibacter,Group,0.7784,0.9298,IBS_after,Wilcoxon rank sum test with continuity correction,IBS_before vs IBS_after,0.4861,-1.0406
g__Prevotella,Group,0.2894,0.9298,IBS_before,Wilcoxon rank sum test with continuity correction,IBS_before vs IBS_after,1.5023,0.5872
g__Akkermansia,Group,0.0476,0.9298,IBS_after,Wilcoxon rank sum test with continuity correction,IBS_before vs IBS_after,0.1729,-2.5318
g__Dorea,Group,0.8833,0.9298,IBS_after,Wilcoxon rank sum test with continuity correction,IBS_before vs IBS_after,0.9216,-0.1178
g__Lachnospira,Group,0.5393,0.9298,IBS_before,Wilcoxon rank sum test with continuity correction,IBS_before vs IBS_after,1.4021,0.4875
g__Roseburia,Group,0.5338,0.9298,IBS_after,Wilcoxon rank sum test with continuity correction,IBS_before vs IBS_after,0.7934,-0.3339
g__Desulfovibrio,Group,0.7147,0.9298,IBS_before,Wilcoxon rank sum test with continuity correction,IBS_before vs IBS_after,2.808,1.4895
g__Haemophilus,Group,0.8723,0.9298,IBS_before,Wilcoxon rank sum test with continuity correction,IBS_before vs IBS_after,1.1615,0.216
g__Pseudomonas,Group,0.6121,0.9298,IBS_before,Wilcoxon rank sum test with continuity correction,IBS_before vs IBS_after,1.042,0.0594
g__Veillonella,Group,0.2432,0.9298,IBS_before,Wilcoxon rank sum test with continuity correction,IBS_before vs IBS_after,1.7708,0.8244
g__Megasphaera,Group,0.7707,0.9298,IBS_after,Wilcoxon rank sum test with continuity correction,IBS_before vs IBS_after,0.8952,-0.1597
g__Collinsella,Group,0.1956,0.9298,IBS_after,Wilcoxon rank sum test with continuity correction,IBS_before vs IBS_after,0.5799,-0.7862
g__Sutterella,Group,0.5493,0.9298,IBS_before,Wilcoxon rank sum test with continuity correction,IBS_before vs IBS_after,1.1071,0.1468
g__Klebsiella,Group,0.4097,0.9298,IBS_after,Wilcoxon rank sum test with continuity correction,IBS_before vs IBS_after,0.7053,-0.5036
g__Hydrogenophaga,Group,0.4749,0.9298,IBS_before,Wilcoxon rank sum test with continuity correction,IBS_before vs IBS_after,1.2512,0.3234
g__Alistipes,Group,0.7738,0.9298,IBS_before,Wilcoxon rank sum test with continuity correction,IBS_before vs IBS_after,1.5022,0.5871