primary,shannon,simpson,invsimpson,observerd_index,chao1,ACE,pielou,observed,_row
J_XYL_F_0001_01,0.9231,0.48,1.923,8,8,,0.4439,,J_XYL_F_0001_01
J_XYL_F_0001_02,1.002,0.4986,1.9942,19,19,19,0.3403,,J_XYL_F_0001_02
J_XYL_F_0002_01,1.8402,0.7356,3.7822,17,17,17,0.6495,,J_XYL_F_0002_01
J_XYL_F_0002_02,1.8714,0.7404,3.8527,22,22,22,0.6054,,J_XYL_F_0002_02
J_XYL_F_0003_01,1.9727,0.7913,4.7908,12,12,,0.7939,,J_XYL_F_0003_01
J_XYL_F_0003_02,1.3615,0.6218,2.6439,17,17,17,0.4805,,J_XYL_F_0003_02
J_XYL_F_0004_01,1.733,0.7061,3.4026,17,17,,0.6117,,J_XYL_F_0004_01
J_XYL_F_0004_02,1.4194,0.6293,2.6979,21,21,21,0.4662,,J_XYL_F_0004_02
J_XYL_F_0005_01,1.4853,0.6481,2.8414,17,17,17,0.5243,,J_XYL_F_0005_01
J_XYL_F_0005_02,1.8431,0.7453,3.9269,20,20,20,0.6152,,J_XYL_F_0005_02
J_XYL_F_0006_01,0.9947,0.5193,2.0803,7,7,,0.5112,,J_XYL_F_0006_01
J_XYL_F_0006_02,1.2116,0.6416,2.7904,6,6,,0.6762,,J_XYL_F_0006_02
J_XYL_F_0010_01,1.6513,0.6846,3.1705,21,21,22.08,0.5424,,J_XYL_F_0010_01
J_XYL_F_0010_02,1.4362,0.5536,2.24,22,22,22,0.4646,,J_XYL_F_0010_02
J_XYL_F_0012_01,1.446,0.6106,2.5682,16,16,,0.5215,,J_XYL_F_0012_01
J_XYL_F_0012_02,1.3063,0.5149,2.0616,21,21,,0.4291,,J_XYL_F_0012_02
J_XYL_F_0013_01,1.5286,0.6468,2.8309,21,21,21,0.5021,,J_XYL_F_0013_01
J_XYL_F_0013_02,0.8284,0.4066,1.6853,13,13,,0.323,,J_XYL_F_0013_02
J_XYL_F_0015_01,1.6406,0.7405,3.853,13,13,,0.6396,,J_XYL_F_0015_01
J_XYL_F_0015_02,1.7191,0.7313,3.7213,16,16,,0.62,,J_XYL_F_0015_02
J_XYL_F_0016_01,2.0581,0.7869,4.6921,21,21,,0.676,,J_XYL_F_0016_01
J_XYL_F_0016_02,1.5809,0.7054,3.3941,16,16,16,0.5702,,J_XYL_F_0016_02
J_XYL_F_0018_01,1.7487,0.6885,3.2104,23,23,,0.5577,,J_XYL_F_0018_01
J_XYL_F_0018_02,1.6414,0.7439,3.9049,10,10,,0.7129,,J_XYL_F_0018_02
J_XYL_F_0020_01,1.6831,0.6735,3.063,19,19,19,0.5716,,J_XYL_F_0020_01
J_XYL_F_0020_02,1.6648,0.7165,3.527,16,16,,0.6004,,J_XYL_F_0020_02
J_XYL_F_0025_01,1.7984,0.7548,4.079,15,15,,0.6641,,J_XYL_F_0025_01
J_XYL_F_0025_02,1.9932,0.7624,4.2082,25,25,25,0.6192,,J_XYL_F_0025_02
J_XYL_F_0031_01,1.4392,0.555,2.2471,21,21,,0.4727,,J_XYL_F_0031_01
J_XYL_F_0031_02,1.2085,0.5347,2.1493,14,14,,0.4579,,J_XYL_F_0031_02
J_XYL_F_0032_01,2.3064,0.8596,7.1247,26,26,26.5245,0.7079,,J_XYL_F_0032_01
J_XYL_F_0032_02,2.0771,0.7748,4.4404,22,22,,0.672,,J_XYL_F_0032_02
J_XYL_F_0034_01,1.7966,0.7292,3.6927,19,19,,0.6102,,J_XYL_F_0034_01
J_XYL_F_0034_02,1.2754,0.5643,2.2951,18,18,18,0.4413,,J_XYL_F_0034_02
J_XYL_F_0036_01,1.803,0.7691,4.33,18,18,,0.6238,,J_XYL_F_0036_01
J_XYL_F_0036_02,1.6458,0.7474,3.9581,12,12,,0.6623,,J_XYL_F_0036_02
J_XYL_F_0043_01,1.8385,0.7114,3.4647,25,25,25,0.5712,,J_XYL_F_0043_01
J_XYL_F_0043_2,1.6301,0.7704,4.3545,9,9,,0.7419,,J_XYL_F_0043_2
J_XYL_F_0044_01,1.3441,0.6605,2.9456,8,8,,0.6464,,J_XYL_F_0044_01
J_XYL_F_0044_02,1.3464,0.6539,2.889,11,11,,0.5615,,J_XYL_F_0044_02
J_XYL_F_0045_01,0.6552,0.2913,1.4111,10,10,10,0.2845,,J_XYL_F_0045_01
J_XYL_F_0045_2,0.8522,0.3094,1.448,21,21,21,0.2799,,J_XYL_F_0045_2
J_XYL_F_0046_01,1.987,0.7502,4.0037,24,24,24,0.6252,,J_XYL_F_0046_01
J_XYL_F_0046_02,1.6202,0.6963,3.2922,18,18,,0.5605,,J_XYL_F_0046_02
J_XYL_F_0047_01,1.3374,0.618,2.6176,20,20,,0.4464,,J_XYL_F_0047_01
J_XYL_F_0047_02,1.6831,0.7208,3.5815,16,16,,0.607,,J_XYL_F_0047_02
J_XYL_F_0048_01,0.5936,0.2632,1.3571,11,11,11,0.2476,,J_XYL_F_0048_01
J_XYL_F_0049_02,1.8392,0.7549,4.0797,17,17,17,0.6492,,J_XYL_F_0049_02
J_XYL_F_0050_01,1.1,0.4811,1.9271,16,16,,0.3967,,J_XYL_F_0050_01
J_XYL_F_0050_02,0.4664,0.291,1.4104,2,2,,0.6729,,J_XYL_F_0050_02
J_XYL_F_0051_01,0.9747,0.4831,1.9346,10,10,10,0.4233,,J_XYL_F_0051_01
J_XYL_F_0051_02,1.7338,0.6661,2.9949,16,16,,0.6253,,J_XYL_F_0051_02
J_XYL_F_0053_01,1.8761,0.7602,4.1709,23,23,23,0.5984,,J_XYL_F_0053_01
J_XYL_F_0053_02,1.9492,0.7644,4.2449,23,23,23,0.6216,,J_XYL_F_0053_02
J_XYL_F_0057_01,1.3272,0.6504,2.8601,6,6,,0.7407,,J_XYL_F_0057_01
J_XYL_F_0057_02,1.7343,0.7448,3.9187,20,20,,0.5789,,J_XYL_F_0057_02
J_XYL_F_0058_01,1.3612,0.5957,2.4734,15,15,,0.5026,,J_XYL_F_0058_01
J_XYL_F_0058_02,1.8717,0.7649,4.2544,18,18,18,0.6476,,J_XYL_F_0058_02
J_XYL_F_0059_01,1.9179,0.7457,3.9322,19,19,,0.6513,,J_XYL_F_0059_01
J_XYL_F_0059_02,1.8537,0.7456,3.9306,19,19,,0.6296,,J_XYL_F_0059_02
J_XYL_F_0060_01,1.6813,0.7333,3.7497,19,19,19,0.571,,J_XYL_F_0060_01
J_XYL_F_0060_02,1.1483,0.4898,1.96,20,20,20,0.3833,,J_XYL_F_0060_02
J_XYL_F_0061_01,1.3751,0.544,2.1931,14,14,,0.5211,,J_XYL_F_0061_01
J_XYL_F_0061_02,1.7225,0.6789,3.1144,17,17,17,0.608,,J_XYL_F_0061_02
J_XYL_F_0062_01,1.9804,0.7228,3.6073,24,24,24,0.6231,,J_XYL_F_0062_01
J_XYL_F_0062_02,1.5078,0.6148,2.596,19,19,19,0.5121,,J_XYL_F_0062_02
J_XYL_F_0064_01,1.1589,0.4673,1.8773,22,22,,0.3749,,J_XYL_F_0064_01
J_XYL_F_0064_02,1.1372,0.5283,2.1201,12,12,12,0.4576,,J_XYL_F_0064_02
J_XYL_F_0065_01,1.753,0.7179,3.5447,20,20,20,0.5852,,J_XYL_F_0065_01
J_XYL_F_0065_02,1.637,0.6727,3.0551,18,18,,0.5664,,J_XYL_F_0065_02
J_XYL_F_0066_01,1.6037,0.7077,3.4207,12,12,,0.6454,,J_XYL_F_0066_01
J_XYL_F_0066_02,1.3512,0.6243,2.6617,13,13,13,0.5268,,J_XYL_F_0066_02
K_XYL_F_0001_01,1.1153,0.5708,2.3301,9,9,9,0.5076,,K_XYL_F_0001_01
K_XYL_F_0001_02,0.6784,0.3881,1.6343,8,8,,0.3262,,K_XYL_F_0001_02
K_XYL_F_0002_01,0.8555,0.3628,1.5695,15,15,,0.3159,,K_XYL_F_0002_01
K_XYL_F_0002_02,0.9021,0.51,2.0409,10,10,,0.3918,,K_XYL_F_0002_02
K_XYL_F_0003_01,1.3897,0.6145,2.5942,15,15,15,0.5132,,K_XYL_F_0003_01
K_XYL_F_0003_02,1.0847,0.4618,1.8579,14,14,,0.411,,K_XYL_F_0003_02
K_XYL_F_0004_01,0.9255,0.5005,2.0022,8,8,,0.4451,,K_XYL_F_0004_01
K_XYL_F_0004_02,0.9672,0.5191,2.0796,10,10,,0.4201,,K_XYL_F_0004_02
K_XYL_F_0005_01,1.8375,0.7476,3.9624,14,14,,0.6963,,K_XYL_F_0005_01
K_XYL_F_0005_02,1.1785,0.4564,1.8394,14,14,,0.4466,,K_XYL_F_0005_02
K_XYL_F_0007_01,1.5198,0.6821,3.1453,13,13,,0.5925,,K_XYL_F_0007_01
K_XYL_F_0007_02,1.511,0.7278,3.6743,9,9,,0.6877,,K_XYL_F_0007_02
K_XYL_F_0008_01,1.6249,0.7385,3.8242,15,15,15,0.6,,K_XYL_F_0008_01
K_XYL_F_0008_02,1.5622,0.6927,3.2547,12,12,,0.6287,,K_XYL_F_0008_02
K_XYL_F_0009_01,1.7943,0.7559,4.0969,12,12,12,0.7221,,K_XYL_F_0009_01
K_XYL_F_0009_02,1.7272,0.697,3.3008,23,23,23,0.5508,,K_XYL_F_0009_02
K_XYL_F_0009_03,1.8922,0.7567,4.1095,19,19,19,0.6426,,K_XYL_F_0009_03
K_XYL_F_0011_01,1.6749,0.6929,3.2564,18,18,,0.5795,,K_XYL_F_0011_01
K_XYL_F_0011_02,1.6594,0.6647,2.9826,15,15,,0.6128,,K_XYL_F_0011_02
K_XYL_F_0012_01,1.5762,0.646,2.8252,15,15,,0.582,,K_XYL_F_0012_01
K_XYL_F_0012_02,1.5635,0.657,2.9159,20,20,,0.5219,,K_XYL_F_0012_02
K_XYL_F_0013_01,0.9585,0.462,1.8588,9,9,,0.4362,,K_XYL_F_0013_01
K_XYL_F_0013_02,1.4429,0.669,3.0216,18,18,18,0.4992,,K_XYL_F_0013_02
K_XYL_F_0017_01,1.3952,0.5673,2.3113,23,23,,0.445,,K_XYL_F_0017_01
K_XYL_F_0017_02,1.329,0.6223,2.6475,19,19,,0.4513,,K_XYL_F_0017_02
K_XYL_F_0018_01,1.7772,0.776,4.4634,15,15,,0.6563,,K_XYL_F_0018_01
K_XYL_F_0018_02,1.3685,0.6523,2.8759,13,13,13,0.5335,,K_XYL_F_0018_02
K_XYL_F_0022_01,1.3247,0.5356,2.1532,13,13,,0.5165,,K_XYL_F_0022_01
K_XYL_F_0022_02,1.8068,0.7352,3.7759,21,21,,0.5935,,K_XYL_F_0022_02
K_XYL_F_0028_01,1.5699,0.7258,3.6467,11,11,,0.6547,,K_XYL_F_0028_01
K_XYL_F_0028_02,1.3196,0.5215,2.09,14,14,,0.5,,K_XYL_F_0028_02
K_XYL_F_0030_02,2.0824,0.815,5.4058,19,19,,0.7072,,K_XYL_F_0030_02
K_XYL_F_0030_03,0.8509,0.3225,1.4759,13,13,13,0.3317,,K_XYL_F_0030_03
K_XYL_F_0033_01,1.7089,0.648,2.8409,19,19,,0.5804,,K_XYL_F_0033_01
K_XYL_F_0033_02,1.466,0.6081,2.5515,21,21,21,0.4815,,K_XYL_F_0033_02
K_XYL_F_0035_01,1.9076,0.7341,3.7613,23,23,,0.6084,,K_XYL_F_0035_01
K_XYL_F_0035_02,1.8459,0.7356,3.7815,25,25,25,0.5735,,K_XYL_F_0035_02
K_XYL_F_0035_03,1.8121,0.7487,3.9787,17,17,,0.6396,,K_XYL_F_0035_03
K_XYL_F_0036_01,2.1439,0.7886,4.7303,27,27,27,0.6505,,K_XYL_F_0036_01
K_XYL_F_0036_02,1.3739,0.6186,2.6218,10,10,,0.5967,,K_XYL_F_0036_02
K_XYL_F_0037_01,1.3991,0.6013,2.5079,15,15,15,0.5167,,K_XYL_F_0037_01
K_XYL_F_0037_02,1.4045,0.6121,2.5777,20,20,,0.4688,,K_XYL_F_0037_02
K_XYL_F_0038_01,1.3058,0.6178,2.6166,15,15,,0.4822,,K_XYL_F_0038_01
K_XYL_F_0038_02,0.9499,0.3771,1.6053,20,20,20,0.3171,,K_XYL_F_0038_02
K_XYL_F_0039_01,1.3792,0.5847,2.4077,18,18,,0.4772,,K_XYL_F_0039_01
K_XYL_F_0039_02,0.6865,0.3485,1.5349,6,6,,0.3831,,K_XYL_F_0039_02
K_XYL_F_0042_01,1.8882,0.7786,4.517,20,20,20,0.6303,,K_XYL_F_0042_01
K_XYL_F_0042_02,1.497,0.686,3.185,14,14,14,0.5672,,K_XYL_F_0042_02
K_XYL_F_0043_01,1.2804,0.5023,2.0092,20,20,,0.4274,,K_XYL_F_0043_01
K_XYL_F_0043_02,0.8395,0.2993,1.4272,19,19,,0.2851,,K_XYL_F_0043_02
K_XYL_F_0044_01,1.0536,0.4325,1.7622,11,11,,0.4394,,K_XYL_F_0044_01
K_XYL_F_0044_02,1.068,0.4489,1.8145,16,16,,0.3852,,K_XYL_F_0044_02
K_XYL_F_0045_01,1.9171,0.7998,4.9955,24,24,24,0.6032,,K_XYL_F_0045_01
K_XYL_F_0045_02,1.6634,0.7053,3.3938,19,19,19,0.5649,,K_XYL_F_0045_02
K_XYL_F_0046_01,1.8312,0.7996,4.99,19,19,19,0.6219,,K_XYL_F_0046_01
K_XYL_F_0046_02,1.5618,0.6924,3.2508,18,18,18,0.5403,,K_XYL_F_0046_02
K_XYL_F_0047_01,1.8781,0.7034,3.3719,20,20,,0.6269,,K_XYL_F_0047_01
K_XYL_F_0047_02,1.6975,0.7092,3.4387,19,19,19,0.5765,,K_XYL_F_0047_02
K_XYL_F_0048_01,1.6473,0.7537,4.0607,14,14,,0.6242,,K_XYL_F_0048_01
K_XYL_F_0048_02,1.8568,0.7589,4.1477,16,16,,0.6697,,K_XYL_F_0048_02