"feature","Estimate_group","pvalue","fdr","sign_group","method","vs","fold_change","log2FC"
"__","Group",0.999999862249762,0.999999862249762,"UC_before","DESeq2","UC_before vs UC_after",1.00000000405315,5.84745520603817e-09
"g__Megamonas","Group",0.469553093997243,0.989087117565598,"UC_after","DESeq2","UC_before vs UC_after",0.53020146709802,-0.915387432656333
"g__","Group",0.787065282697751,0.999999862249762,"UC_after","DESeq2","UC_before vs UC_after",0.903245905437594,-0.146809285188976
"g__Bacteroides","Group",0.751749577451635,0.999999862249762,"UC_before","DESeq2","UC_before vs UC_after",1.13064721018517,0.177148843109006
"g__[Eubacterium]","Group",0.856271940758942,0.999999862249762,"UC_after","DESeq2","UC_before vs UC_after",0.829230679627017,-0.270154601055858
"g__Clostridium","Group",0.717088160235058,0.989087117565598,"UC_after","DESeq2","UC_before vs UC_after",0.845451318168434,-0.242206409511694
"g__Faecalibacterium","Group",0.626506411275265,0.989087117565598,"UC_after","DESeq2","UC_before vs UC_after",0.791894540277341,-0.336619781185256
"g__[Ruminococcus]","Group",0.6236683348295,0.989087117565598,"UC_after","DESeq2","UC_before vs UC_after",0.824934580361543,-0.27764838077764
"g__Streptococcus","Group",0.263538069825927,0.989087117565598,"UC_before","DESeq2","UC_before vs UC_after",1.71110032816493,0.774924352873801
"g__Parabacteroides","Group",0.683883082831253,0.989087117565598,"UC_before","DESeq2","UC_before vs UC_after",1.31373360678688,0.393672761862179
"g__Phascolarctobacterium","Group",0.692791604718872,0.989087117565598,"UC_after","DESeq2","UC_before vs UC_after",0.665039458549658,-0.588488152822295
"g__Gemmiger","Group",0.924265800862528,0.999999862249762,"UC_before","DESeq2","UC_before vs UC_after",1.08228704902265,0.114083187962023
"g__Catenibacterium","Group",0.938451544317631,0.999999862249762,"UC_after","DESeq2","UC_before vs UC_after",0.856039527435158,-0.224250680599634
"g__Actinomyces","Group",0.912890221749773,0.999999862249762,"UC_after","DESeq2","UC_before vs UC_after",0.941139174875314,-0.0875200116194154
"g__Rothia","Group",0.306938853865605,0.989087117565598,"UC_before","DESeq2","UC_before vs UC_after",2.02981709748429,1.02134973507522
"g__Bifidobacterium","Group",0.0235100536238577,0.940402144954307,"UC_after","DESeq2","UC_before vs UC_after",0.433762277827693,-1.20502350051535
"g__Coprococcus","Group",0.967838303075864,0.999999862249762,"UC_before","DESeq2","UC_before vs UC_after",1.02391926620484,0.0341019664730183
"g__Ruminococcus","Group",0.235441703102178,0.989087117565598,"UC_after","DESeq2","UC_before vs UC_after",0.594230846452684,-0.750904597641922
"g__Blautia","Group",0.855006351525999,0.999999862249762,"UC_before","DESeq2","UC_before vs UC_after",1.07167477308578,0.0998671497836275
"g__Oscillospira","Group",0.203291092474324,0.989087117565598,"UC_before","DESeq2","UC_before vs UC_after",1.99582762585082,0.996987124448249
"g__Dialister","Group",0.155011777072649,0.989087117565598,"UC_before","DESeq2","UC_before vs UC_after",2.30017820285623,1.2017456361339
"g__Lactobacillus","Group",0.347847444784958,0.989087117565598,"UC_before","DESeq2","UC_before vs UC_after",1.54583733027001,0.628388511267769
"g__Granulicatella","Group",0.47400974681201,0.989087117565598,"UC_before","DESeq2","UC_before vs UC_after",1.81505817965577,0.860015792934867
"g__Enterococcus","Group",0.344531820713729,0.989087117565598,"UC_before","DESeq2","UC_before vs UC_after",2.17565586686899,1.12145037716518
"g__Turicibacter","Group",0.252577744234988,0.989087117565598,"UC_after","DESeq2","UC_before vs UC_after",0.190429888791571,-2.39266816126654
"g__Prevotella","Group",0.0565303863328966,0.989087117565598,"UC_before","DESeq2","UC_before vs UC_after",4.41974707111486,2.14396381086351
"g__Akkermansia","Group",0.611010924313969,0.989087117565598,"UC_before","DESeq2","UC_before vs UC_after",1.43127245302834,0.517298325606827
"g__Dorea","Group",0.4392403125156,0.989087117565598,"UC_before","DESeq2","UC_before vs UC_after",1.41225345118619,0.497999026255256
"g__Lachnospira","Group",0.261234744354933,0.989087117565598,"UC_before","DESeq2","UC_before vs UC_after",2.47054476016245,1.30482919408917
"g__Roseburia","Group",0.561591249443073,0.989087117565598,"UC_before","DESeq2","UC_before vs UC_after",1.38173301391586,0.466478877151331
"g__Desulfovibrio","Group",0.683216880471127,0.989087117565598,"UC_before","DESeq2","UC_before vs UC_after",1.33159263098554,0.413152791759309
"g__Haemophilus","Group",0.610809458157044,0.989087117565598,"UC_after","DESeq2","UC_before vs UC_after",0.652222740454056,-0.616563351794924
"g__Pseudomonas","Group",0.909613510115646,0.999999862249762,"UC_before","DESeq2","UC_before vs UC_after",1.07960549948626,0.110504230992377
"g__Veillonella","Group",0.395657825733156,0.989087117565598,"UC_before","DESeq2","UC_before vs UC_after",1.70826388535488,0.772530853580423
"g__Megasphaera","Group",0.172400196451105,0.989087117565598,"UC_before","DESeq2","UC_before vs UC_after",3.82946535203531,1.93714298541149
"g__Collinsella","Group",0.997762693465578,0.999999862249762,"UC_after","DESeq2","UC_before vs UC_after",0.997490586519799,-0.00362486843487062
"g__Sutterella","Group",0.366960619708218,0.989087117565598,"UC_before","DESeq2","UC_before vs UC_after",1.73191815549992,0.792370754865852
"g__Klebsiella","Group",0.502678358330239,0.989087117565598,"UC_before","DESeq2","UC_before vs UC_after",2.47726809242326,1.30875000692911
"g__Hydrogenophaga","Group",0.65943634483054,0.989087117565598,"UC_after","DESeq2","UC_before vs UC_after",0.580389852546215,-0.78490579913748
"g__Alistipes","Group",0.340270571851845,0.989087117565598,"UC_before","DESeq2","UC_before vs UC_after",6.77684539929937,2.7606138595135
