"gene_id","baseMean","log2FoldChange","lfcSE","pvalue","padj","significant","direction","annotation_note"
"Gene0035",103.879723813235,1.73708326462568,0.247424068089809,1.32530493285547e-13,1.31072657859406e-10,TRUE,"up","No biological annotation was provided in the approved homework inputs"
"Gene0043",2367.90689202682,1.64180677393676,0.250519894763044,2.11336736089799e-12,1.04506015996405e-09,TRUE,"up","No biological annotation was provided in the approved homework inputs"
"Gene0008",198.889283599712,1.93337234607232,0.300217701752305,3.28653884161599e-12,1.08346230478607e-09,TRUE,"up","No biological annotation was provided in the approved homework inputs"
"Gene0014",104.205482146885,1.73453898274577,0.280533070477921,2.27345671203809e-11,4.76222570249703e-09,TRUE,"up","No biological annotation was provided in the approved homework inputs"
"Gene0054",93.9571070011269,1.6210941216901,0.260455505400149,2.40759641177807e-11,4.76222570249703e-09,TRUE,"up","No biological annotation was provided in the approved homework inputs"
"Gene0012",43.7387801409843,1.89956368178104,0.3153874589767,8.51268112114478e-11,1.40317360480203e-08,TRUE,"up","No biological annotation was provided in the approved homework inputs"
"Gene0042",191.323640139709,1.56207618355473,0.262944849663026,1.08858808490205e-10,1.53801945138304e-08,TRUE,"up","No biological annotation was provided in the approved homework inputs"
"Gene0003",132.372729409403,1.49873528785048,0.258999463754078,3.55523748601265e-10,4.39516234208314e-08,TRUE,"up","No biological annotation was provided in the approved homework inputs"
"Gene0100",37.2821933361027,-1.8998799489121,0.32925962028057,4.28392816090204e-10,4.56747661132229e-08,TRUE,"down","No biological annotation was provided in the approved homework inputs"
"Gene0098",160.199863191009,-1.62120216692307,0.283891051082585,4.61827766564438e-10,4.56747661132229e-08,TRUE,"down","No biological annotation was provided in the approved homework inputs"
"Gene0004",210.278191366396,1.4946093248999,0.26832089766133,1.08740645088065e-09,9.77677254473603e-08,TRUE,"up","No biological annotation was provided in the approved homework inputs"
"Gene0040",102.615129112221,1.58487318973966,0.290516984191468,2.73242922241851e-09,2.25197708414325e-07,TRUE,"up","No biological annotation was provided in the approved homework inputs"
"Gene0006",152.378197850743,1.68366576609258,0.313080755764586,3.5875498917844e-09,2.72929757151905e-07,TRUE,"up","No biological annotation was provided in the approved homework inputs"
"Gene0049",233.563747448898,1.57251587910608,0.298448819011154,5.22132323984808e-09,3.68849191729268e-07,TRUE,"up","No biological annotation was provided in the approved homework inputs"
"Gene0062",153.999950606302,-1.39271212121326,0.277540703368971,2.22248281742941e-08,1.46535700429179e-06,TRUE,"down","No biological annotation was provided in the approved homework inputs"
"Gene0038",113.540957424668,1.3510073135341,0.271801529470351,3.80778899614114e-08,2.35368957323974e-06,TRUE,"up","No biological annotation was provided in the approved homework inputs"
"Gene0085",166.00787583625,-1.29925732491102,0.276793387732649,1.07455508686416e-07,6.25138224063913e-06,TRUE,"down","No biological annotation was provided in the approved homework inputs"
"Gene0021",48.4552415720921,1.34393110831495,0.287701593076027,1.65233038566749e-07,9.07863750791748e-06,TRUE,"up","No biological annotation was provided in the approved homework inputs"
"Gene0057",39.529435531367,1.61494315273466,0.362766094393145,2.81799758048966e-07,1.32714267004966e-05,TRUE,"up","No biological annotation was provided in the approved homework inputs"
"Gene0086",36.8156256178688,-1.52657582197825,0.335438596700541,2.7313563768855e-07,1.32714267004966e-05,TRUE,"down","No biological annotation was provided in the approved homework inputs"
